Workbook

Sheet 과제
A1: 상반기 매출 대시보드
A2: 주문 120건으로 핵심 지표·지역별·월별·제품별 매출을 요약하고 차트를 붙입니다.
A3: 노란 칸에 수식을 넣고, 차트·조건부 서식을 추가한 뒤 저장해서 사이트에 올리면 채점됩니다.
A5: 번호 | B5: 할 일 | C5: 위치 · 힌트
A6: 1 | B6: 총매출 | C6: 대시보드!B3 금액 열 전체를 SUM 으로 더합니다.
A7: 2 | B7: 주문 건수 | C7: 대시보드!B4 주문번호가 몇 개인지 COUNTA 로 셉니다(COUNT 는 숫자만 셉니다).
A8: 3 | B8: 평균 주문 금액 | C8: 대시보드!B5 AVERAGE 또는 =B3/B4.
A9: 4 | B9: 최대 주문 금액 | C9: 대시보드!B6 MAX 함수.
A10: 5 | B10: 지역별 매출 | C10: 대시보드!B9:B13 B9 에 =SUMIFS(금액, 지역, A9) 를 만들고 범위는 $로 고정한 뒤 아래로 채웁니다.
A11: 6 | B11: 지역별 비중 | C11: 대시보드!C9:C13 지역 매출 ÷ 총매출. 총매출 셀은 $B$3 으로 고정합니다.
A12: 7 | B12: 월별 매출 | C12: 대시보드!F9:F14 날짜가 그 달 1일 이상, 다음 달 1일 미만인 금액을 SUMIFS 로 더합니다. SUMPRODUCT((MONTH(날짜)=E9)*금액) 도 됩니다.
A13: 8 | B13: 제품별 판매 수량 | C13: 대시보드!B17:B21 수량 열을 제품 기준으로 SUMIFS.
A14: 9 | B14: 판매 수량 1위 제품 | C14: 대시보드!B23 MAX 로 가장 큰 수량을 찾고 MATCH 로 위치, INDEX 로 제품 이름을 꺼냅니다.
A15: 10 | B15: 차트 1개 이상 | C15: 지역별 매출(A8:B13)을 선택하고 [삽입] > [세로 막대형 차트].
A16: 11 | B16: 조건부 서식 1개 이상 | C16: B9:B13 을 선택하고 [홈] > [조건부 서식] > [데이터 막대].
A17: 12 | B17: (선택) 피벗 테이블 | C17: 데이터 시트에서 [삽입] > [피벗 테이블] — 행: 지역, 열: 분류, 값: 금액 합계.

Sheet 데이터
A1: 주문번호 | B1: 날짜 | C1: 지역 | D1: 담당자 | E1: 제품 | F1: 분류 | G1: 수량 | H1: 단가 | I1: 금액
A2: S20260001 | B2: 46024 | C2: 부산 | D2: 이서연 | E2: 키보드 | F2: 주변기기 | G2: 13 | H2: 48000 | I2: 624000
A3: S20260002 | B3: 46025 | C3: 서울 | D3: 박지호 | E3: 키보드 | F3: 주변기기 | G3: 20 | H3: 48000 | I3: 960000
A4: S20260003 | B4: 46027 | C4: 부산 | D4: 강도윤 | E4: 키보드 | F4: 주변기기 | G4: 10 | H4: 48000 | I4: 480000
A5: S20260004 | B5: 46027 | C5: 부산 | D5: 이서연 | E5: 키보드 | F5: 주변기기 | G5: 5 | H5: 48000 | I5: 240000
A6: S20260005 | B6: 46028 | C6: 대구 | D6: 최유나 | E6: 키보드 | F6: 주변기기 | G6: 8 | H6: 48000 | I6: 384000
A7: S20260006 | B7: 46029 | C7: 서울 | D7: 김민준 | E7: 키보드 | F7: 주변기기 | G7: 4 | H7: 48000 | I7: 192000
A8: S20260007 | B8: 46031 | C8: 대전 | D8: 윤시우 | E8: 마우스 | F8: 주변기기 | G8: 35 | H8: 27000 | I8: 945000
A9: S20260008 | B9: 46031 | C9: 서울 | D9: 박지호 | E9: 모니터 | F9: 전자 | G9: 4 | H9: 330000 | I9: 1320000
A10: S20260009 | B10: 46033 | C10: 서울 | D10: 김민준 | E10: 키보드 | F10: 주변기기 | G10: 9 | H10: 48000 | I10: 432000
A11: S20260010 | B11: 46034 | C11: 대전 | D11: 윤시우 | E11: 모니터 | F11: 전자 | G11: 3 | H11: 330000 | I11: 990000
A12: S20260011 | B12: 46036 | C12: 대전 | D12: 윤시우 | E12: 노트북 | F12: 전자 | G12: 2 | H12: 1250000 | I12: 2500000
A13: S20260012 | B13: 46042 | C13: 대전 | D13: 윤시우 | E13: 키보드 | F13: 주변기기 | G13: 6 | H13: 48000 | I13: 288000
... A121: S20260120 | B121: 46203 | C121: 서울 | D121: 박지호 | E121: 모니터 | F121: 전자 | G121: 3 | H121: 330000 | I121: 990000

Sheet PV
A3: SumAmount | B3: 열 레이블
A4: 행 레이블 | B4: 사무기기 | C4: 전자 | D4: 주변기기 | E4: 총합계
A5: 광주 | B5: 1160000 | C5: 13980000 | D5: 768000 | E5: 15908000
A6: 대구 | B6: 1450000 | C6: 15560000 | D6: 7491000 | E6: 24501000
A7: 대전 | B7: 580000 | C7: 31790000 | D7: 4503000 | E7: 36873000
A8: 부산 | C8: 13490000 | D8: 10668000 | E8: 24158000
A9: 서울 | B9: 870000 | C9: 31410000 | D9: 9009000 | E9: 41289000
A10: 총합계 | B10: 4060000 | C10: 106230000 | D10: 32439000 | E10: 142729000

Sheet 대시보드
A1: 상반기 매출 대시보드
A3: 총매출 | B3: =SUM(데이터!$I$2:$I$121) -> 142729000
A4: 주문 건수 | B4: =COUNTA(데이터!$A$2:$A$121) -> 120
A5: 평균 주문 금액 | B5: =AVERAGE(데이터!$I$2:$I$121) -> 1189408.3
A6: 최대 주문 금액 | B6: =MAX(데이터!$I$2:$I$121) -> 5000000
A8: 지역 | B8: 매출 | C8: 비중 | E8: 월 | F8: 매출
A9: 서울 | B9: =SUMIFS(데이터!$I$2:$I$121,데이터!$C$2:$C$121,A9) -> 41289000 | C9: =B9/$B$3 -> 0.28928249 | E9: 1 | F9: =SUMIFS(데이터!$I$2:$I$121,데이터!$B$2:$B$121,">="&DATE(2026,E9,1),데이터!$B$2:$B$121,"<"&DATE(2026,E9+1,1)) -> 27209000
A10: 부산 | B10: =SUMIFS(데이터!$I$2:$I$121,데이터!$C$2:$C$121,A10) -> 24158000 | C10: =B10/$B$3 -> 0.16925782 | E10: 2 | F10: =SUMIFS(데이터!$I$2:$I$121,데이터!$B$2:$B$121,">="&DATE(2026,E10,1),데이터!$B$2:$B$121,"<"&DATE(2026,E10+1,1)) -> 28110000
A11: 대구 | B11: =SUMIFS(데이터!$I$2:$I$121,데이터!$C$2:$C$121,A11) -> 24501000 | C11: =B11/$B$3 -> 0.17166098 | E11: 3 | F11: =SUMIFS(데이터!$I$2:$I$121,데이터!$B$2:$B$121,">="&DATE(2026,E11,1),데이터!$B$2:$B$121,"<"&DATE(2026,E11+1,1)) -> 23380000
A12: 광주 | B12: =SUMIFS(데이터!$I$2:$I$121,데이터!$C$2:$C$121,A12) -> 15908000 | C12: =B12/$B$3 -> 0.11145598 | E12: 4 | F12: =SUMIFS(데이터!$I$2:$I$121,데이터!$B$2:$B$121,">="&DATE(2026,E12,1),데이터!$B$2:$B$121,"<"&DATE(2026,E12+1,1)) -> 26904000
A13: 대전 | B13: =SUMIFS(데이터!$I$2:$I$121,데이터!$C$2:$C$121,A13) -> 36873000 | C13: =B13/$B$3 -> 0.25834273 | E13: 5 | F13: =SUMIFS(데이터!$I$2:$I$121,데이터!$B$2:$B$121,">="&DATE(2026,E13,1),데이터!$B$2:$B$121,"<"&DATE(2026,E13+1,1)) -> 21457000
E14: 6 | F14: =SUMIFS(데이터!$I$2:$I$121,데이터!$B$2:$B$121,">="&DATE(2026,E14,1),데이터!$B$2:$B$121,"<"&DATE(2026,E14+1,1)) -> 15669000
A16: 제품 | B16: 판매 수량
A17: 노트북 | B17: =SUMIFS(데이터!$G$2:$G$121,데이터!$E$2:$E$121,A17) -> 57
A18: 모니터 | B18: =SUMIFS(데이터!$G$2:$G$121,데이터!$E$2:$E$121,A18) -> 106
A19: 키보드 | B19: =SUMIFS(데이터!$G$2:$G$121,데이터!$E$2:$E$121,A19) -> 385
A20: 마우스 | B20: =SUMIFS(데이터!$G$2:$G$121,데이터!$E$2:$E$121,A20) -> 517
A21: 프린터 | B21: =SUMIFS(데이터!$G$2:$G$121,데이터!$E$2:$E$121,A21) -> 14
A23: 판매 수량 1위 제품 | B23: =INDEX(A17:A21,MATCH(MAX(B17:B21),B17:B21,0)) -> 마우스
